Turma,EMAIL
P1,1
P1,2
P1,3
P1,4
P1,5
P1,6
P1,7
P1,8
P1,9
P1,10
P1,11
P1,12
P1,13
P1,14
P1,15
P1,16
P1,17
P1,18
P1,19
P1,20
P10,21
P10,22
P10,23
P10,24
P10,25
P10,26
P10,27
P10,28
P10,29
P10,30
P10,31
P10,32
P10,33
P10,34
P10,35
P10,36
P10,37
P10,38
P10,39
P11,40
P11,41
P11,42
P11,43
P11,44
P11,45
P11,46
P11,47
P11,48
P11,49
P11,50
P11,51
P11,52
P11,53
P11,54
P11,55
P11,56
P12,57
P12,58
P12,59
P12,60
P12,61
P12,62
P12,63
P12,64
P12,65
P12,66
P12,67
P12,68
P12,69
P12,70
P12,71
P12,72
P12,73
P13,74
P13,75
P13,76
P13,77
P13,78
P13,79
P13,80
P13,81
P13,82
P13,83
P13,84
P13,85
P13,86
P13,87
P13,88
P13,89
P14,90
P14,91
P14,92
P14,93
P14,94
P14,95
P14,96
P14,97
P14,98
P14,99
P14,100
P14,101
P14,102
P14,103
P14,104
P14,105
P14,106
P14,107
P2,108
P2,109
P2,110
P2,111
P2,112
P2,113
P2,114
P2,115
P2,116
P2,117
P2,118
P2,119
P2,120
P2,121
P2,122
P2,123
P2,124
P2,125
P2,126
P2,127
P3,128
P3,129
P3,130
P3,131
P3,132
P3,133
P3,134
P3,135
P3,136
P3,137
P3,138
P3,139
P3,140
P3,141
P3,142
P3,143
P3,144
P3,145
P3,146
P3,147
P4,148
P4,149
P4,150
P4,151
P4,152
P4,153
P4,154
P4,155
P4,156
P4,157
P4,158
P4,159
P4,160
P4,161
P4,162
P4,163
P4,164
P4,165
P4,166
P4,167
P5,168
P5,169
P5,170
P5,171
P5,172
P5,173
P5,174
P5,175
P5,176
P5,177
P5,178
P5,179
P5,180
P5,181
P5,182
P5,183
P5,184
P5,185
P5,186
P5,187
P6,188
P6,189
P6,190
P6,191
P6,192
P6,193
P6,194
P6,195
P6,196
P6,197
P6,198
P6,199
P6,200
P6,201
P6,202
P6,203
P6,204
P6,205
P6,206
P6,207
P7,208
P7,209
P7,210
P7,211
P7,212
P7,213
P7,214
P7,215
P7,216
P7,217
P7,218
P7,219
P7,220
P7,221
P7,222
P7,223
P7,224
P7,225
P7,226
P7,227
P7,228
P8,229
P8,230
P8,231
P8,232
P8,233
P8,234
P8,235
P8,236
P8,237
P8,238
P8,239
P8,240
P8,241
P8,242
P8,243
P8,244
P8,245
P8,246
P8,247
P8,248
P8,249
P8,250
P8,251
P9,252
P9,253
P9,254
P9,255
P9,256
P9,257
P9,258
P9,259
P9,260
P9,261
P9,262
P9,263
P9,264
P9,265
P9,266
P9,267
P9,268
TP1,269
TP1,270
TP1,271
TP1,272
TP1,273
TP1,274
TP1,275
TP1,276
TP1,277
TP1,278
TP1,279
TP1,280
TP1,281
TP1,282
TP1,283
TP1,284
TP1,285
TP1,286
TP1,287
TP1,288
TP1,289
TP1,290
TP1,291
TP1,292
TP1,293
TP1,294
TP1,295
TP1,296
TP1,297
TP1,298
TP1,299
TP1,300
TP1,301
TP1,302
TP1,303
TP1,304
TP1,305
TP1,306
TP1,307
TP1,308
TP1,309
TP1,310
TP1,311
TP1,312
TP1,313
TP1,314
TP1,315
TP1,316
TP1,317
TP1,318
TP1,319
TP1,320
TP1,321
TP1,322
TP1,323
TP1,324
TP1,325
TP1,326
TP1,327
TP1,328
TP1,329
TP1,330
TP1,331
TP1,332
TP1,333
TP1,334
TP1,335
TP1,336
TP1,337
TP1,338
TP1,339
TP1,340
TP1,341
TP1,342
TP1,343
TP1,344
TP1,345
TP1,346
TP1,347
TP1,348
TP1,349
TP1,350
TP1,351
TP1,352
TP1,353
TP1,354
TP1,355
TP1,356
TP1,357
TP1,358
TP1,359
TP1,360
TP1,361
TP1,362
TP1,363
TP1,364
TP1,365
TP1,366
TP1,367
TP1,368
TP1,369
TP1,370
TP1,371
TP1,372
TP1,373
TP1,374
TP1,375
TP1,376
TP1,377
TP1,378
TP1,379
TP1,380
TP1,381
TP1,382
TP1,383
TP1,384
TP1,385
TP1,386
TP1,387
TP1,388
TP1,389
TP1,390
TP1,391
TP1,392
TP1,393
TP1,394
TP1,395
TP1,396
TP1,397
TP1,398
TP1,399
TP1,400
TP2,401
TP2,402
TP2,403
TP2,404
TP2,405
TP2,406
TP2,407
TP2,408
TP2,409
TP2,410
TP2,411
TP2,412
TP2,413
TP2,414
TP2,415
TP2,416
TP2,417
TP2,418
TP2,419
TP2,420
TP2,421
TP2,422
TP2,423
TP2,424
TP2,425
TP2,426
TP2,427
TP2,428
TP2,429
TP2,430
TP2,431
TP2,432
TP2,433
TP2,434
TP2,435
TP2,436
TP2,437
TP2,438
TP2,439
TP2,440
TP2,441
TP2,442
TP2,443
TP2,444
TP2,445
TP2,446
TP2,447
TP2,448
TP2,449
TP2,450
TP2,451
TP2,452
TP2,453
TP2,454
TP2,455
TP2,456
TP2,457
TP2,458
TP2,459
TP2,460
TP2,461
TP2,462
TP2,463
TP2,464
TP2,465
TP2,466
TP2,467
TP2,468
TP2,469
TP2,470
TP2,471
TP2,472
TP2,473
TP2,474
TP2,475
TP2,476
TP2,477
TP2,478
TP2,479
TP2,480
TP2,481
TP2,482
TP2,483
TP2,484
TP2,485
TP2,486
TP2,487
TP2,488
TP2,489
TP2,490
TP2,491
TP2,492
TP2,493
TP2,494
TP2,495
TP2,496
TP2,497
TP2,498
TP2,499
TP2,500
TP2,501
TP2,502
TP2,503
TP2,504
TP2,505
TP2,506
TP2,507
TP2,508
TP2,509
TP2,510
TP2,511
TP2,512
TP2,513
TP2,514
TP2,515
TP2,516
TP2,517
TP2,518
TP2,519
TP2,520
TP2,521
TP2,522
TP2,523
TP2,524
TP2,525
TP2,526
TP2,527
TP2,528
TP2,529
TP2,530
TP2,531
TP2,532
TP2,533
TP2,534
TP2,535
TP2,536
TP2,537
